{
  "version": 1,
  "name": "Eave piece 2",
  "vertices": [
    [
      0.10631835022473121,
      0.6806810978808207,
      -0.10395881515656996
    ],
    [
      0.10446321235755655,
      0.6838541718307882,
      -0.039204939941826666
    ],
    [
      -0.10621526108794492,
      0.6830413320344856,
      -0.0452008500215943
    ],
    [
      -0.10436012322077073,
      0.6798682580845168,
      -0.10995472523633842
    ],
    [
      -0.1154169537717483,
      0.33184060784075237,
      -0.027066206493559952
    ],
    [
      0.11532613619237284,
      0.33273086095098947,
      -0.020499257358575634
    ],
    [
      0.10628703993642813,
      0.681662904140602,
      -0.10299176387236425
    ],
    [
      -0.1043914335090738,
      0.6808500643442986,
      -0.10898767395213238
    ],
    [
      -0.10624657137624798,
      0.6840231382942665,
      -0.044233798737389085
    ],
    [
      -0.11727984991499397,
      0.3312272483247811,
      0.03847358203604137
    ],
    [
      0.11346324004912722,
      0.33211750143501867,
      0.04504053117102541
    ],
    [
      0.10443190206925348,
      0.68483597809057,
      -0.03823788865762057
    ],
    [
      -0.13526137522831466,
      0.12940941612559936,
      -0.007942012813082655
    ],
    [
      0.13561094777304486,
      0.1304544958637036,
      -0.0002329855676664605
    ],
    [
      -0.1371242830013315,
      0.12286369023417609,
      0.0584024098011655
    ],
    [
      0.13374804000002816,
      0.1239087699722806,
      0.06611143704658201
    ],
    [
      -0.16115870243593403,
      -0.07785362213412882,
      -0.01618333178008883
    ],
    [
      0.14933928944362146,
      -0.06589535549474713,
      -0.020164706347584674
    ],
    [
      0.15609820950030345,
      -0.07283579554705025,
      0.04796604817116321
    ],
    [
      -0.16561732326234035,
      -0.08522608541500767,
      0.052091260164825175
    ],
    [
      0.09983829813780697,
      -0.43238757630609587,
      -0.04405081213352721
    ],
    [
      0.27876263786364863,
      -0.41631159785994626,
      -0.08249052253552963
    ],
    [
      0.0477522101120993,
      -0.07502274252461216,
      0.001660037653552597
    ],
    [
      -0.2648050857823866,
      -0.43724612222377013,
      -0.07552060077360354
    ],
    [
      -0.08424899176670926,
      -0.43947736417967853,
      -0.04169034451894346
    ],
    [
      -0.05864516920359084,
      -0.07912044449004713,
      0.003024322869992567
    ],
    [
      0.054514820980180415,
      -0.09268559024191031,
      0.06962143595008471
    ],
    [
      0.29069282387335715,
      -0.4329625955176316,
      -0.015309444835046815
    ],
    [
      -0.062287255163887285,
      -0.09718401022237191,
      0.07111913586297494
    ],
    [
      -0.27369553524797335,
      -0.45469898886974763,
      -0.008072549531493334
    ],
    [
      0.10660090900588785,
      -0.45005042402339435,
      0.023910586163005176
    ],
    [
      -0.0878910777270057,
      -0.457540929912003,
      0.026404468474039322
    ]
  ],
  "quads": [
    {
      "id": "eave_c3150c3bc28b_19bb25277c2",
      "indices": [
        0,
        1,
        2,
        3
      ],
      "tag": ""
    },
    {
      "id": "eave_c6c3e1f698c338_19bb25277c2",
      "indices": [
        4,
        5,
        6,
        7
      ],
      "tag": ""
    },
    {
      "id": "eave_6d9f72d0933b88_19bb25277c2",
      "indices": [
        7,
        8,
        9,
        4
      ],
      "tag": ""
    },
    {
      "id": "eave_828f3053a7ed8_19bb25277c2",
      "indices": [
        5,
        10,
        11,
        6
      ],
      "tag": ""
    },
    {
      "id": "eave_8d8e32c53c0fd8_19bb25277c2",
      "indices": [
        9,
        10,
        11,
        8
      ],
      "tag": ""
    },
    {
      "id": "eave_81bdbf1d79745_19bb25277c2",
      "indices": [
        12,
        13,
        5,
        4
      ],
      "tag": ""
    },
    {
      "id": "eave_d3b679bf0be4b8_19bb25277c2",
      "indices": [
        4,
        9,
        14,
        12
      ],
      "tag": ""
    },
    {
      "id": "eave_56240c085fc73_19bb25277c2",
      "indices": [
        13,
        15,
        10,
        5
      ],
      "tag": ""
    },
    {
      "id": "eave_6acfbddebb1568_19bb25277c2",
      "indices": [
        16,
        17,
        13,
        12
      ],
      "tag": ""
    },
    {
      "id": "eave_9af91f4c2561e8_19bb25277c2",
      "indices": [
        14,
        15,
        10,
        9
      ],
      "tag": ""
    },
    {
      "id": "eave_9a92a8d548e4f_19bb25277c2",
      "indices": [
        17,
        18,
        15,
        13
      ],
      "tag": ""
    },
    {
      "id": "eave_4dbb029ba16a2_19bb25277c2",
      "indices": [
        12,
        14,
        19,
        16
      ],
      "tag": ""
    },
    {
      "id": "eave_830e54a84f2ac_19bb25277c2",
      "indices": [
        20,
        21,
        17,
        22
      ],
      "tag": ""
    },
    {
      "id": "eave_2e08c9c17bf11_19bb25277c2",
      "indices": [
        16,
        19,
        18,
        17
      ],
      "tag": ""
    },
    {
      "id": "eave_0f68c744dc1948_19bb25277c2",
      "indices": [
        23,
        24,
        25,
        16
      ],
      "tag": ""
    },
    {
      "id": "eave_96ac3f6f9842b_19bb25277c2",
      "indices": [
        17,
        18,
        26,
        22
      ],
      "tag": ""
    },
    {
      "id": "eave_71b125d0eb2278_19bb25277c2",
      "indices": [
        21,
        27,
        18,
        17
      ],
      "tag": ""
    },
    {
      "id": "eave_ab6bb698edbf68_19bb25277c2",
      "indices": [
        19,
        18,
        15,
        14
      ],
      "tag": ""
    },
    {
      "id": "eave_046745bd7b776_19bb25277c2",
      "indices": [
        24,
        20,
        22,
        25
      ],
      "tag": ""
    },
    {
      "id": "eave_fdd380a5be4808_19bb25277c2",
      "indices": [
        25,
        28,
        19,
        16
      ],
      "tag": ""
    },
    {
      "id": "eave_6a606927a9a1b_19bb25277c2",
      "indices": [
        22,
        26,
        28,
        25
      ],
      "tag": ""
    },
    {
      "id": "eave_602fcbef38d358_19bb25277c2",
      "indices": [
        16,
        19,
        29,
        23
      ],
      "tag": ""
    },
    {
      "id": "eave_1c269a2cd27bb_19bb25277c2",
      "indices": [
        20,
        30,
        27,
        21
      ],
      "tag": ""
    },
    {
      "id": "eave_0e8d58e5086e48_19bb25277c2",
      "indices": [
        23,
        29,
        31,
        24
      ],
      "tag": ""
    },
    {
      "id": "eave_dfc74d9ad90c08_19bb25277c2",
      "indices": [
        30,
        27,
        18,
        26
      ],
      "tag": ""
    },
    {
      "id": "eave_cdac9e39cdc7a8_19bb25277c2",
      "indices": [
        29,
        31,
        28,
        19
      ],
      "tag": ""
    },
    {
      "id": "eave_f9a285d792bee_19bb25277c2",
      "indices": [
        24,
        31,
        30,
        20
      ],
      "tag": ""
    },
    {
      "id": "eave_37631806da33a_19bb25277c2",
      "indices": [
        31,
        30,
        26,
        28
      ],
      "tag": ""
    }
  ]
}